date,product,category,price,quantity,revenue,customer,region
2026-04-16,Gaming Chair,Furniture,223.78,1,223.78,C0271,Central
2026-04-18,Mechanical Keyboard,Accessories,81.2,2,162.4,C0492,Central
2026-04-14,27-inch Monitor,Monitors,251.51,1,251.51,C0313,East
2026-04-16,Power Bank,Mobile,34.48,2,68.96,C0211,North
2026-04-30,Tablet,Mobile,397.04,1,397.04,C0256,Central
2026-04-21,Webcam,Accessories,69.95,1,69.95,C0398,Central
2026-04-06,Wireless Mouse,Accessories,24.51,1,24.51,C0199,West
2026-04-16,USB-C Hub,Accessories,40.66,1,40.66,C0107,West
2026-04-22,Wireless Mouse,Accessories,24.51,2,49.02,C0427,North
2026-04-07,Power Bank,Mobile,34.46,3,103.38,C0481,West
2026-04-23,Power Bank,Mobile,35.65,1,35.65,C0041,Central
2026-04-05,Laptop Stand,Accessories,48.9,1,48.9,C0286,West
2026-04-10,Smartphone,Mobile,600.37,1,600.37,C0432,North
2026-04-23,Laptop Stand,Accessories,50.36,1,50.36,C0053,South
2026-04-01,Smart Watch,Wearables,179.57,2,359.14,C0329,East
2026-04-21,Laptop Stand,Accessories,50.86,1,50.86,C0467,Central
2026-04-24,Webcam,Accessories,68.3,2,136.6,C0434,Central
2026-04-06,External HDD 2TB,Storage,81.4,1,81.4,C0005,West
2026-04-06,Wireless Mouse,Accessories,24.84,1,24.84,C0382,Central
2026-04-23,Smart Watch,Wearables,183.41,3,550.23,C0447,West
2026-04-03,Smartphone,Mobile,589.37,1,589.37,C0457,East
2026-04-22,Power Bank,Mobile,33.75,1,33.75,C0128,West
2026-04-03,SSD 1TB,Storage,99.56,1,99.56,C0312,North
2026-04-25,Laptop Stand,Accessories,49.65,1,49.65,C0324,West
2026-04-12,Power Bank,Mobile,35.19,1,35.19,C0109,North
2026-04-12,Power Bank,Mobile,35.45,1,35.45,C0081,North
2026-04-25,External HDD 2TB,Storage,79.25,2,158.5,C0221,Central
2026-04-17,Noise Cancelling Headphones,Audio,150.27,1,150.27,C0367,South
2026-04-11,Webcam,Accessories,68.61,1,68.61,C0153,East
2026-04-20,USB-C Hub,Accessories,39.09,1,39.09,C0478,East
2026-04-06,USB-C Hub,Accessories,39.01,2,78.02,C0428,East
2026-04-16,Tablet,Mobile,409.08,1,409.08,C0043,East
2026-04-16,Bluetooth Speaker,Audio,88.37,1,88.37,C0397,Central
2026-04-09,Webcam,Accessories,69.7,1,69.7,C0220,East
2026-04-11,27-inch Monitor,Monitors,249.38,1,249.38,C0238,South
2026-04-22,Mechanical Keyboard,Accessories,80.96,2,161.92,C0023,Central
2026-04-30,USB-C Hub,Accessories,39.66,1,39.66,C0174,South
2026-04-13,Bluetooth Speaker,Audio,90.41,1,90.41,C0365,South
2026-04-30,Webcam,Accessories,71.66,1,71.66,C0087,West
2026-04-02,Webcam,Accessories,69.48,1,69.48,C0082,East
2026-04-28,Webcam,Accessories,69.12,1,69.12,C0269,North
2026-04-19,USB-C Hub,Accessories,40.05,1,40.05,C0139,South
2026-04-03,Webcam,Accessories,69.57,1,69.57,C0027,Central
2026-04-06,Webcam,Accessories,71.71,2,143.42,C0197,East
2026-04-05,Tablet,Mobile,391.94,2,783.88,C0181,North
2026-04-16,USB-C Hub,Accessories,40.45,4,161.8,C0018,West
2026-04-30,Power Bank,Mobile,34.85,2,69.7,C0412,South
2026-04-20,27-inch Monitor,Monitors,246.72,2,493.44,C0403,Central
2026-04-17,Mechanical Keyboard,Accessories,80.79,1,80.79,C0466,East
2026-04-08,External HDD 2TB,Storage,79.74,2,159.48,C0146,Central
2026-04-09,Laptop Stand,Accessories,50.85,1,50.85,C0341,South
2026-04-05,Tablet,Mobile,392.07,1,392.07,C0478,East
2026-04-16,Bluetooth Speaker,Audio,88.97,1,88.97,C0312,East
2026-04-20,Power Bank,Mobile,35.87,1,35.87,C0216,North
2026-04-18,Power Bank,Mobile,35.86,1,35.86,C0212,South
2026-04-07,Noise Cancelling Headphones,Audio,147.34,1,147.34,C0276,Central
2026-04-03,Mechanical Keyboard,Accessories,79.73,2,159.46,C0422,West
2026-04-27,Wireless Mouse,Accessories,24.84,2,49.68,C0445,South
2026-04-01,USB-C Hub,Accessories,38.69,1,38.69,C0322,Central
2026-04-08,Bluetooth Speaker,Audio,89.81,1,89.81,C0022,North
2026-04-26,27-inch Monitor,Monitors,247.18,1,247.18,C0159,North
2026-04-24,Smart Watch,Wearables,177.65,1,177.65,C0369,South
2026-04-16,Laptop Stand,Accessories,50.76,2,101.52,C0209,South
2026-04-10,Bluetooth Speaker,Audio,92.54,1,92.54,C0439,East
2026-04-08,External HDD 2TB,Storage,78.2,1,78.2,C0404,West
2026-04-14,Bluetooth Speaker,Audio,89.15,1,89.15,C0176,West
2026-04-22,Tablet,Mobile,395.85,3,1187.55,C0099,West
2026-04-02,Mechanical Keyboard,Accessories,79.12,1,79.12,C0129,South
2026-04-15,Wireless Mouse,Accessories,24.99,1,24.99,C0471,West
2026-04-27,Smartphone,Mobile,610.6,1,610.6,C0492,North
2026-04-18,USB-C Hub,Accessories,40.5,2,81.0,C0002,South
2026-04-25,Smartphone,Mobile,594.87,1,594.87,C0112,West
2026-04-18,Smartphone,Mobile,597.88,3,1793.64,C0086,East
2026-04-27,SSD 1TB,Storage,101.56,1,101.56,C0031,Central
2026-04-24,External HDD 2TB,Storage,80.91,2,161.82,C0497,North
2026-04-12,External HDD 2TB,Storage,79.03,2,158.06,C0294,West
2026-04-02,Laptop Stand,Accessories,48.94,3,146.82,C0045,South
2026-04-10,Power Bank,Mobile,35.24,2,70.48,C0274,Central
2026-04-20,Noise Cancelling Headphones,Audio,146.84,1,146.84,C0184,Central
2026-04-07,USB-C Hub,Accessories,39.07,2,78.14,C0392,South
2026-04-03,Mechanical Keyboard,Accessories,80.2,1,80.2,C0475,West
2026-04-12,Bluetooth Speaker,Audio,90.87,3,272.61,C0265,South
2026-04-12,SSD 1TB,Storage,98.94,1,98.94,C0172,South
2026-04-22,27-inch Monitor,Monitors,249.55,1,249.55,C0064,East
2026-04-24,Gaming Chair,Furniture,227.39,2,454.78,C0103,South
2026-04-04,External HDD 2TB,Storage,79.14,2,158.28,C0345,North
2026-04-04,USB-C Hub,Accessories,40.64,1,40.64,C0350,East
2026-04-24,USB-C Hub,Accessories,39.28,1,39.28,C0346,South
2026-04-24,Wireless Mouse,Accessories,24.4,2,48.8,C0307,North
2026-04-24,Noise Cancelling Headphones,Audio,148.08,1,148.08,C0491,East
2026-04-20,Webcam,Accessories,71.52,2,143.04,C0057,North
2026-04-24,Smart Watch,Wearables,177.95,1,177.95,C0239,West
2026-04-07,Tablet,Mobile,402.88,2,805.76,C0294,South
2026-04-10,Webcam,Accessories,70.34,2,140.68,C0067,North
2026-04-28,Laptop Stand,Accessories,50.53,1,50.53,C0328,West
2026-04-05,Laptop Stand,Accessories,49.06,1,49.06,C0271,West
2026-04-17,USB-C Hub,Accessories,39.25,1,39.25,C0186,North
2026-04-21,Smart Watch,Wearables,182.08,1,182.08,C0234,South
2026-04-07,Smartphone,Mobile,589.24,1,589.24,C0167,Central
2026-04-26,Wireless Mouse,Accessories,25.25,4,101.0,C0411,North
2026-04-23,Bluetooth Speaker,Audio,91.58,1,100.74,C0173,East
2026-04-30,Power Bank,Mobile,35.34,1,35.34,C0230,South
2026-04-15,Mechanical Keyboard,Accessories,79.41,3,238.23,C0385,West
2026-04-14,USB-C Hub,Accessories,39.98,2,79.96,C0134,Central
2026-04-18,Wireless Mouse,Accessories,25.24,1,25.24,C0093,East
2026-04-24,USB-C Hub,Accessories,39.28,1,39.28,C0346,South
2026-04-28,Noise Cancelling Headphones,Audio,147.64,2,295.28,C0098,Central
2026-04-24,Webcam,Accessories,70.94,1,70.94,C0288,Central
2026-04-24,27-inch Monitor,Monitors,249.64,2,499.28,C0347,West
2026-04-23,Webcam,Accessories,70.53,1,70.53,C0162,South
2026-04-26,Power Bank,Mobile,34.75,2,69.5,C0338,West
2026-04-05,Smart Watch,Wearables,178.74,3,536.22,C0458,North
2026-04-17,Mechanical Keyboard,Accessories,79.61,1,79.61,C0012,West
2026-04-05,USB-C Hub,Accessories,39.7,1,39.7,C0284,South
2026-04-11,Mechanical Keyboard,Accessories,80.31,1,80.31,C0139,Central
2026-04-15,External HDD 2TB,Storage,81.18,1,81.18,C0376,West
2026-04-10,27-inch Monitor,Monitors,249.46,1,249.46,C0084,East
2026-04-07,SSD 1TB,Storage,101.46,2,202.92,C0356,East
2026-04-11,Mechanical Keyboard,Accessories,81.24,1,81.24,C0064,South
2026-04-09,Wireless Mouse,Accessories,25.13,1,25.13,C0139,South
2026-04-04,Power Bank,Mobile,34.59,1,34.59,C0052,Central
2026-04-23,Tablet,Mobile,400.97,1,400.97,C0304,West
2026-04-06,Smartphone,Mobile,594.66,1,594.66,C0287,East
2026-04-21,Mechanical Keyboard,Accessories,79.7,2,159.4,C0255,West
2026-04-15,Smart Watch,Wearables,182.34,2,364.68,C0466,East
2026-04-12,Tablet,Mobile,397.59,2,795.18,C0390,Central
2026-04-30,SSD 1TB,Storage,99.73,1,99.73,C0486,South
2026-04-01,Mechanical Keyboard,Accessories,79.79,4,319.16,C0328,North
2026-04-19,External HDD 2TB,Storage,81.88,1,81.88,C0251,North
2026-04-19,Laptop Stand,Accessories,50.05,4,200.2,C0073,North
2026-04-21,Noise Cancelling Headphones,Audio,156.2,9,1405.8,C0093,West
2026-04-11,Mechanical Keyboard,Accessories,81.42,2,162.84,C0020,West
2026-04-14,Wireless Mouse,Accessories,24.41,1,24.41,C0296,South
2026-04-07,Wireless Mouse,Accessories,24.53,1,24.53,C0423,North
2026-04-12,Mechanical Keyboard,Accessories,79.19,2,158.38,C0175,South
2026-04-28,Webcam,Accessories,70.1,4,280.4,C0102,West
2026-04-27,USB-C Hub,Accessories,40.25,1,40.25,C0306,Central
2026-04-11,Smart Watch,Wearables,182.88,2,365.76,C0074,West
2026-04-16,External HDD 2TB,Storage,80.65,3,241.95,C0429,Central
2026-04-05,Mechanical Keyboard,Accessories,80.53,2,161.06,C0047,Central
2026-04-04,Smart Watch,Wearables,181.02,1,181.02,C0228,North
2026-04-10,Noise Cancelling Headphones,Audio,145.54,1,145.54,C0027,West
2026-04-08,Power Bank,Mobile,34.59,1,34.59,C0347,North
2026-04-05,Wireless Mouse,Accessories,24.55,1,24.55,C0388,Central
2026-04-17,Laptop Stand,Accessories,49.45,1,49.45,C0353,North
2026-04-23,Webcam,Accessories,68.82,1,68.82,C0085,South
2026-04-05,Noise Cancelling Headphones,Audio,150.03,2,300.06,C0191,North
2026-04-24,Smartphone,Mobile,609.33,1,609.33,C0138,East
2026-04-25,USB-C Hub,Accessories,39.03,1,39.03,C0313,North
2026-04-07,Tablet,Mobile,404.06,1,404.06,C0023,East
2026-04-26,Gaming Chair,Furniture,230.96,1,230.96,C0068,South
2026-04-14,Tablet,Mobile,403.73,1,403.73,C0332,South
2026-04-26,Smartphone,Mobile,611.2,3,1833.6,C0127,West
2026-04-11,Wireless Mouse,Accessories,24.38,1,24.38,C0013,South
2026-04-06,Wireless Mouse,Accessories,25.16,1,25.16,C0112,South
2026-04-02,Gaming Chair,Furniture,228.13,1,228.13,C0371,Central
2026-04-21,Bluetooth Speaker,Audio,89.79,1,89.79,C0133,Central
2026-04-07,SSD 1TB,Storage,99.33,2,198.66,C0408,Central
2026-04-28,27-inch Monitor,Monitors,248.32,1,248.32,C0173,South
2026-04-20,Power Bank,Mobile,34.77,2,69.54,C0331,Central
2026-04-14,Mechanical Keyboard,Accessories,79.16,1,79.16,C0412,West
2026-04-11,Wireless Mouse,Accessories,25.48,1,25.48,C0182,East
2026-04-11,USB-C Hub,Accessories,39.66,1,39.66,C0075,South
2026-04-17,Bluetooth Speaker,Audio,90.35,1,90.35,C0131,West
2026-04-01,Power Bank,Mobile,34.63,3,103.89,C0187,South
2026-04-02,Webcam,Accessories,69.59,4,278.36,C0070,South
2026-04-02,Bluetooth Speaker,Audio,91.25,1,91.25,C0472,South
2026-04-26,Power Bank,Mobile,34.64,2,69.28,C0401,Central
2026-04-29,Wireless Mouse,Accessories,25.02,1,25.02,C0452,East
2026-04-12,SSD 1TB,Storage,100.17,1,100.17,C0236,West
2026-04-27,USB-C Hub,Accessories,40.88,1,40.88,C0303,Central
2026-04-28,USB-C Hub,Accessories,39.12,1,39.12,C0182,Central
2026-04-19,USB-C Hub,Accessories,39.7,2,79.4,C0223,Central
2026-04-15,External HDD 2TB,Storage,81.45,2,162.9,C0032,North
2026-04-08,Wireless Mouse,Accessories,25.08,1,25.08,C0351,West
2026-04-17,Bluetooth Speaker,Audio,90.43,1,90.43,C0100,West
2026-04-26,USB-C Hub,Accessories,39.65,1,39.65,C0192,Central
2026-04-04,Wireless Mouse,Accessories,24.76,3,74.28,C0387,West
2026-04-28,Bluetooth Speaker,Audio,90.12,1,90.12,C0454,Central
2026-04-29,Bluetooth Speaker,Audio,91.43,1,91.43,C0394,West
2026-04-15,Laptop Stand,Accessories,50.61,1,50.61,C0030,West
2026-04-03,USB-C Hub,Accessories,38.98,2,77.96,C0358,West
2026-04-05,Smartphone,Mobile,613.46,1,306.73,C0466,East
2026-04-12,SSD 1TB,Storage,100.63,2,201.26,C0318,East
2026-04-10,Smartphone,Mobile,600.37,1,600.37,C0432,North
2026-04-18,Webcam,Accessories,70.85,2,141.7,C0172,Central
2026-04-01,Bluetooth Speaker,Audio,89.74,1,89.74,C0416,North
2026-04-04,USB-C Hub,Accessories,39.78,2,79.56,C0063,East
2026-04-09,SSD 1TB,Storage,100.22,1,100.22,C0038,East
2026-04-14,Mechanical Keyboard,Accessories,81.14,3,243.42,C0125,North
2026-04-02,USB-C Hub,Accessories,40.69,1,40.69,C0155,West
2026-04-13,Mechanical Keyboard,Accessories,80.68,2,161.36,C0107,East
2026-04-01,USB-C Hub,Accessories,40.19,1,40.19,C0094,South
2026-04-01,Bluetooth Speaker,Audio,88.86,1,88.86,C0310,Central
2026-04-08,Webcam,Accessories,73.17,1,73.17,C0187,West
2026-04-14,Wireless Mouse,Accessories,25.01,1,25.01,C0001,North
2026-04-19,External HDD 2TB,Storage,79.25,1,79.25,C0453,North
2026-04-08,Wireless Mouse,Accessories,24.98,1,24.98,C0067,Central
2026-04-28,Power Bank,Mobile,34.55,1,34.55,C0302,West
2026-04-01,USB-C Hub,Accessories,39.51,2,79.02,C0265,South
2026-04-24,Webcam,Accessories,71.38,1,71.38,C0134,Central
2026-04-13,Mechanical Keyboard,Accessories,79.22,1,79.22,C0412,Central
2026-04-18,Smartphone,Mobile,606.31,1,606.31,C0282,West
2026-04-17,Mechanical Keyboard,Accessories,79.81,2,159.62,C0196,North
2026-04-29,Webcam,Accessories,70.09,2,140.18,C0366,East
2026-04-26,Laptop Stand,Accessories,50.32,2,100.64,C0189,Central
2026-04-24,Bluetooth Speaker,Audio,88.86,2,177.72,C0119,East
2026-04-17,Power Bank,Mobile,34.21,2,68.42,C0120,West
2026-04-26,USB-C Hub,Accessories,39.89,3,119.67,C0459,East
2026-04-07,Power Bank,Mobile,34.83,1,34.83,C0047,Central
2026-04-18,Gaming Chair,Furniture,226.3,1,226.3,C0375,West
2026-04-20,Noise Cancelling Headphones,Audio,147.59,1,147.59,C0453,Central
2026-04-24,Laptop Stand,Accessories,49.44,1,49.44,C0495,West
2026-04-11,Webcam,Accessories,68.74,1,68.74,C0146,North
2026-04-08,SSD 1TB,Storage,99.28,1,99.28,C0059,East
2026-04-22,Noise Cancelling Headphones,Audio,146.7,1,146.7,C0442,Central
2026-04-08,SSD 1TB,Storage,99.61,1,99.61,C0470,North
2026-04-22,Gaming Chair,Furniture,225.18,3,675.54,C0171,North
2026-04-29,Bluetooth Speaker,Audio,90.06,4,180.12,C0400,East
2026-04-18,External HDD 2TB,Storage,79.19,1,79.19,C0357,Central
2026-04-25,Wireless Mouse,Accessories,25.13,3,75.39,C0169,North
2026-04-13,Tablet,Mobile,395.8,1,395.8,C0244,West
2026-04-27,SSD 1TB,Storage,98.73,2,197.46,C0406,South
2026-04-02,Mechanical Keyboard,Accessories,79.49,2,158.98,C0484,West
2026-04-25,Mechanical Keyboard,Accessories,78.81,1,78.81,C0462,Central
2026-04-13,Wireless Mouse,Accessories,25.13,1,25.13,C0134,West
2026-04-23,Bluetooth Speaker,Audio,90.34,3,271.02,C0134,North
2026-04-09,Mechanical Keyboard,Accessories,78.57,1,78.57,C0460,North
2026-04-10,USB-C Hub,Accessories,38.96,2,77.92,C0325,Central
2026-04-16,USB-C Hub,Accessories,39.56,1,39.56,C0153,West
2026-04-26,Power Bank,Mobile,34.58,1,34.58,C0077,West
2026-04-20,Noise Cancelling Headphones,Audio,150.9,1,150.9,C0493,Central
2026-04-28,Power Bank,Mobile,35.19,1,35.19,C0301,West
2026-04-07,Webcam,Accessories,70.5,1,70.5,C0466,West
2026-04-27,External HDD 2TB,Storage,78.57,1,78.57,C0470,West
2026-04-08,External HDD 2TB,Storage,80.67,1,80.67,C0375,South
2026-04-01,Tablet,Mobile,401.66,1,401.66,C0288,North
2026-04-24,Webcam,Accessories,70.44,1,70.44,C0387,West
2026-04-10,Tablet,Mobile,389.55,1,389.55,C0179,South
2026-04-30,USB-C Hub,Accessories,38.92,1,38.92,C0473,West
2026-04-03,Tablet,Mobile,404.63,1,404.63,C0395,Central
2026-04-09,USB-C Hub,Accessories,39.73,1,39.73,C0064,East
2026-04-21,Smart Watch,Wearables,177.75,1,177.75,C0263,East
2026-04-25,Wireless Mouse,Accessories,25.93,2,51.86,C0142,South
2026-04-12,Noise Cancelling Headphones,Audio,150.24,1,300.48,C0185,East
2026-04-07,Power Bank,Mobile,34.41,2,68.82,C0406,Central
2026-04-02,SSD 1TB,Storage,99.96,1,99.96,C0485,West
2026-04-18,Mechanical Keyboard,Accessories,78.41,2,156.82,C0145,South
2026-04-06,Noise Cancelling Headphones,Audio,147.18,1,147.18,C0238,West
2026-04-28,Wireless Mouse,Accessories,25.38,1,25.38,C0284,Central
2026-04-16,Mechanical Keyboard,Accessories,80.37,2,160.74,C0026,North
2026-04-21,SSD 1TB,Storage,98.87,1,98.87,C0242,West
2026-04-14,Mechanical Keyboard,Accessories,79.56,1,79.56,C0348,North
2026-04-17,Smart Watch,Wearables,175.74,1,175.74,C0496,West
2026-04-25,Power Bank,Mobile,34.33,3,102.99,C0333,West
2026-04-03,Mechanical Keyboard,Accessories,80.93,3,242.79,C0181,West
2026-04-11,Wireless Mouse,Accessories,25.4,2,50.8,C0346,Central
2026-04-22,Power Bank,Mobile,33.45,2,66.9,C0261,East
2026-04-20,Power Bank,Mobile,35.82,1,35.82,C0096,North
2026-04-20,USB-C Hub,Accessories,40.08,1,40.08,C0173,Central
2026-04-12,SSD 1TB,Storage,100.12,3,300.36,C0078,South
2026-04-01,Bluetooth Speaker,Audio,91.95,3,275.85,C0412,Central
2026-04-11,External HDD 2TB,Storage,79.64,1,79.64,C0205,East
2026-04-25,Gaming Chair,Furniture,231.35,1,231.35,C0295,Central
2026-04-15,Mechanical Keyboard,Accessories,80.2,1,80.2,C0215,Central
2026-04-16,Noise Cancelling Headphones,Audio,146.04,1,146.04,C0210,North
2026-04-08,Laptop Stand,Accessories,48.75,2,97.5,C0312,South
2026-04-28,Power Bank,Mobile,34.63,2,69.26,C0330,North
2026-04-13,Wireless Mouse,Accessories,25.12,1,25.12,C0419,East
2026-04-09,USB-C Hub,Accessories,39.88,2,79.76,C0335,South
2026-04-01,Webcam,Accessories,71.35,2,142.7,C0344,West
2026-04-22,Gaming Chair,Furniture,227.28,2,454.56,C0367,North
2026-04-07,Smartphone,Mobile,597.19,1,597.19,C0166,South
2026-04-27,Wireless Mouse,Accessories,25.04,2,50.08,C0058,East
2026-04-07,Webcam,Accessories,70.67,1,70.67,C0213,Central
2026-04-12,Smartphone,Mobile,593.35,1,593.35,C0140,South
2026-04-01,USB-C Hub,Accessories,40.38,1,40.38,C0434,South
2026-04-06,USB-C Hub,Accessories,40.35,1,40.35,C0381,South
2026-04-14,Noise Cancelling Headphones,Audio,148.65,1,148.65,C0018,North
2026-04-22,Laptop Stand,Accessories,49.43,1,49.43,C0132,East
2026-04-10,27-inch Monitor,Monitors,257.17,1,257.17,C0277,South
2026-04-13,Webcam,Accessories,69.22,1,69.22,C0200,West
2026-04-10,Mechanical Keyboard,Accessories,77.69,1,77.69,C0466,South
2026-04-10,Tablet,Mobile,402.16,1,402.16,C0130,West
2026-04-26,Laptop Stand,Accessories,49.98,1,49.98,C0297,West
2026-04-03,Webcam,Accessories,69.59,1,69.59,C0215,West
2026-04-27,Gaming Chair,Furniture,231.46,1,231.46,C0214,North
2026-04-11,Laptop Stand,Accessories,49.6,1,49.6,C0441,East
2026-04-01,Mechanical Keyboard,Accessories,78.68,2,314.72,C0263,Central
2026-04-20,Tablet,Mobile,404.81,1,404.81,C0028,South
2026-04-23,Power Bank,Mobile,34.88,1,34.88,C0327,East
2026-04-12,Power Bank,Mobile,34.8,2,69.6,C0081,South
2026-04-08,Bluetooth Speaker,Audio,89.25,3,267.75,C0063,East
2026-04-20,Power Bank,Mobile,34.78,1,34.78,C0430,South
2026-04-02,External HDD 2TB,Storage,80.7,1,80.7,C0136,North
2026-04-15,Laptop Stand,Accessories,50.76,1,50.76,C0017,South
2026-04-05,External HDD 2TB,Storage,82.05,1,82.05,C0221,Central
2026-04-13,Smartphone,Mobile,594.02,1,594.02,C0256,South
2026-04-07,Wireless Mouse,Accessories,24.01,1,24.01,C0001,North
2026-04-11,Power Bank,Mobile,34.54,1,34.54,C0012,West
2026-04-14,Noise Cancelling Headphones,Audio,145.92,1,145.92,C0375,Central
2026-04-03,Gaming Chair,Furniture,227.43,1,113.72,C0180,West
2026-04-19,Noise Cancelling Headphones,Audio,148.13,2,296.26,C0492,West
2026-04-22,Smartphone,Mobile,614.48,1,614.48,C0169,West
2026-04-12,Webcam,Accessories,69.79,1,69.79,C0062,Central
2026-04-23,Noise Cancelling Headphones,Audio,151.25,4,605.0,C0219,West
2026-04-18,SSD 1TB,Storage,98.34,1,98.34,C0468,West
2026-04-08,USB-C Hub,Accessories,40.19,3,120.57,C0247,Central
2026-04-23,Bluetooth Speaker,Audio,90.27,2,180.54,C0200,Central
2026-04-14,Gaming Chair,Furniture,228.43,1,228.43,C0441,West
2026-04-14,USB-C Hub,Accessories,39.89,3,119.67,C0299,South
2026-04-24,Mechanical Keyboard,Accessories,78.3,1,78.3,C0138,East
2026-04-12,Wireless Mouse,Accessories,24.63,1,24.63,C0462,West
2026-04-11,27-inch Monitor,Monitors,248.02,1,248.02,C0350,West
2026-04-03,Wireless Mouse,Accessories,25.31,1,25.31,C0304,South
2026-04-28,USB-C Hub,Accessories,39.12,1,39.12,C0182,Central
2026-04-03,Webcam,Accessories,70.86,2,141.72,C0364,West
2026-04-27,Tablet,Mobile,390.73,1,390.73,C0175,West
2026-04-28,USB-C Hub,Accessories,40.02,1,40.02,C0087,East
2026-04-10,SSD 1TB,Storage,100.62,1,50.31,C0419,North
2026-04-03,Power Bank,Mobile,35.11,1,35.11,C0269,Central
2026-04-04,27-inch Monitor,Monitors,249.92,1,249.92,C0467,South
2026-04-21,Laptop Stand,Accessories,50.05,2,100.1,C0050,East
2026-04-21,Webcam,Accessories,70.13,2,140.26,C0168,South
2026-04-24,,Furniture,227.39,2,454.78,C0103,South
2026-04-29,Webcam,Accessories,70.91,1,70.91,C0281,Central
2026-04-30,Power Bank,Mobile,34.5,1,34.5,C0301,West
2026-04-01,Mechanical Keyboard,Accessories,79.88,1,79.88,C0406,South
2026-04-30,Laptop Stand,Accessories,50.4,2,100.8,C0314,Central
2026-04-10,Wireless Mouse,Accessories,25.5,2,51.0,C0451,Central
2026-04-25,Laptop Stand,Accessories,48.96,2,97.92,C0477,North
2026-04-03,SSD 1TB,Storage,97.43,1,97.43,C0394,South
2026-04-04,USB-C Hub,Accessories,38.87,2,77.74,C0377,South
2026-04-20,Bluetooth Speaker,Audio,90.17,3,270.51,C0106,Central
2026-04-29,Power Bank,Mobile,34.91,1,34.91,C0363,North
2026-04-25,Gaming Chair,Furniture,222.69,1,222.69,C0336,North
2026-04-09,SSD 1TB,Storage,97.37,1,97.37,C0151,West
2026-04-26,SSD 1TB,Storage,103.08,1,103.08,C0123,Central
2026-04-18,USB-C Hub,Accessories,40.63,1,40.63,C0161,East
2026-04-01,Mechanical Keyboard,Accessories,79.18,2,158.36,C0423,North
2026-04-07,SSD 1TB,Storage,98.21,5,491.05,C0067,West
2026-04-16,Noise Cancelling Headphones,Audio,148.37,2,296.74,C0362,West
2026-04-25,USB-C Hub,Accessories,41.46,2,82.92,C0187,West
2026-04-30,Mechanical Keyboard,Accessories,79.53,6,477.18,C0058,Central
2026-04-13,Power Bank,Mobile,35.0,1,35.0,C0283,West
2026-04-22,Mechanical Keyboard,Accessories,79.58,1,79.58,C0344,South
2026-04-17,Bluetooth Speaker,Audio,90.79,1,90.79,C0028,East
2026-04-21,Smart Watch,Wearables,182.08,1,182.08,C0234,South
2026-04-22,USB-C Hub,Accessories,39.83,4,159.32,C0364,Central
2026-04-14,SSD 1TB,Storage,98.01,4,392.04,C0282,Central
2026-04-15,Noise Cancelling Headphones,Audio,148.47,2,326.63,C0309,South
2026-04-27,Mechanical Keyboard,Accessories,77.88,2,155.76,C0457,North
2026-04-14,Smart Watch,Wearables,175.45,1,175.45,C0052,Central
2026-04-12,Gaming Chair,Furniture,227.92,1,227.92,C0406,East
2026-04-11,Gaming Chair,Furniture,232.3,1,232.3,C0394,Central
